key,lang,text
006-334880-360927-speaker01,False,🎼大家好，今个星期六。😊
065-19370528-19571679-speaker01,False,因为作家去写小说嘅关系嘅时候咧，往往要喺历史同埋想象之间来回咁样思考，毕竟历史小说咧会令我哋联想到真实啊史实啊咁样。
050-18097184-18212319-speaker00,False,🎼世界上最古老的手抄经文，甚至还有大壮经中都未曾收集到的佛典。
035-13501984-13635039-speaker01,False,咦原来报上边仲有啲字嘅，呢啲字咧，最初睇落似中文，不过冇一只字赵恒德系认得嘅。
016-5067296-5162463-speaker01,False,我哋会话敦煌咧，呢一个作品系一部以中国为题材嘅历史小说。
022-7398432-7450591-speaker01,False,🎼主持唐睿周子欣。
066-19575328-19737328-speaker01,False,小说最后系驾驭咗啲史料定系咧俾屎鸟扰乱佢嘅节奏咧，一切都要睇作家嘅创作理念同埋表达方式。
033-11588640-13382623-speaker00,False,咁，佢系好好奇啦，咁啊走埋去睇下发生咩事，咁咧，就首先影入去眼入边嘅咧，就系一个好奇怪嘅一个好似，我哋今次咁日讲上身裸露嘅肥嘟嘟嘅一好似猪肉佬模样嘅人啦，咁咧佢就喺度大声嗌老就话买啦，你买啦，咁啊想要边一忽都可以嘅只要你出声出个价钱咁我就会嗒嗰一部分落嚟噶啦，咁样咁咧赵恒德就好好奇啦，到底系唔系乜嘢咧，咁啊行埋去睇佢就发现咧有一个即系几乎全裸嘅女子啦咁但系睇佢嘅面貌咧就应该唔系汉人嚟嘅咁样咁赵恒德就好奇怪冇端端点解话要买一个人而且仲要佢落嚟咁样咁跟住咧嗰个好似屠夫咁嘅模样嘅人个男人啦，咁佢就见即系啲围观嘅人就无动于衷啦，咁样以为佢讲笑啦或者讲下即咁样咁佢真系攞把刀就咗呢个少女嘅手指落嚟，咁咧就吓到周边嗰啲人就起哄啦，咁样咁赵恒德亦都系吓咗一跳咁样咁佢出于可能系读书人嘅恻隐之心啦吓，佢就即刻谂就去同呢个男人讲佢话我买我买我成个买咗落嚟啦，你好再佢啦咁样咁咧佢就救咗，呢个神秘嘅呢个女子啦，咁咧呢个女子咧亦都非常之倔强咁佢即系唔单止咧佢系冇多谢啦，冇好感激赵恒德啦，而且咧仲好倔强咁样咧，就同佢讲，佢话诶我唔系，你想象之中咁样嘅女人嚟噶诶嗱，我依家身上边乜嘢都冇噶啦，吓剩低一块咁样嘅布咁咧就我将呢块布俾你跟住咧我哋两个各不相欠啦，佢嘅意思大概就系咁啦，咁结果咧赵恒德亦都冇特别话要即系收佢做驴皮嘅嗰啲咁嘅意思啦纯粹都系出于想救佢咁于是乎呢个女仔咧就即系消失咗，系开丰富嘅，呢个人群入边啦。
006-334880-360927-speaker01_vocals,False,大家好，今个星期六。😊
042-16015904-17503199-speaker00,False,小说入边咧，就喺呢度终结咗，咁，但系咧井上正咧喺个铺排上边咧就时间快转咗啦，大概过咗差唔多八百几九八年嘅时候啦，咁咧故事咧又重新开展翻，咁都系喺敦煌呢个地方，但系当时咧就已经冇咁热闹啦，呢个地方，咁有一位嘅道士叫做王元禄啦，咁，佢咧就喺敦煌呢度咧主持一个即系非常之冷清嘅一个嘅庙宇，咁然后当佢喺度整理呢个嘅庙语嘅时候咧，佢忽然之间发现咧，就系咦原来咧喺嗰个长壁洞壁入边咧，系有一啲嘅空间啦，咁样，咁然后咧，佢就发现咗咧，诶原来入边咧，系收藏咗一啲嘅经卷咁王元禄所发现嘅经卷咧，咁就真系对应翻，我哋现实啦，咁，呢个就唔系小说故事啦，而，系咧，就系后尾喺二十世纪初好重要嘅考古发现就系敦煌藏经洞嘅发现啦，但系当然啦吓，呢个王元禄所发现嘅经卷咧，就同井上正所写嘅敦王小说入边即系唔系赵恒德所抄写嘅啦，不过咧就井上正咧其实就系用咗，呢个嘅咁重要嘅世纪嘅考古发现啦，咁就系讲翻咧，呢个嘅敦王喺呢个地方上边好重要嘅一啲文化交流嘅历史啦，同埋即系住赵恒德呢个人物咧嚟贯穿咗当时呢个西域啦，包括咗宋朝啦，同埋呢个嘅西夏啦，仲有回压啦，各个民族嘅一啲嘅文化交流啦，商贸王来啦同埋一啲嘅战争嘅冲突咁样。
024-7946784-8153567-speaker01,False,唐睿啊原来敦煌咧，系一个有关考试嘅故事嚟嘅，系交代一个宋代嘅考生一个读书人嘅故事，咁，呢个故事咧，系发生喺乜嘢历史背景里面嘅咧。
001-135712-165343-speaker01,False,🎼带来要读读新感觉。
070-21765664-21770719-speaker01,False,うん.
067-19737328-21482800-speaker00,False,井顺正咧确实，系一个好了不起嘅作家，即系除咗，佢创作嗰个精力非常之旺盛啦吓，有非常之多嘅作品啦，咁我谂另外一个好值得我哋注意特别系如果我哋对文学啦对创作感兴趣嘅听众咧可以特别留意井上正一个好了不起嘅能力啊就系咧佢可以将呢大量大量嘅资料咧消化得好精准将佢整理成一个相对精密嘅小说啦，我哋睇呢个小说嘅时候咧诶我相信咧大部分读者就算对敦煌嘅历史或者对西域嗰个嘅文化家流师未必好认识咧，但系都唔会 住嘅，因为井上正系会帮你咧喺你睇嘅过程入边咧系透过情节啦，去帮你打通呢啲嘅历史知识啊，我哋睇完之后咧又会有掌鸟知识嘅感觉啦，咁呢个系即系我都好感激井顺正咁而如果真系要问就系话啊其实佢呢种能力喺边度嚟嘅咧，咁样，咁，我觉得第一咧就系我哋睇好多日本作家佢哋都系有资料癖嘅日本漫画家又好或者佢哋搞科研嘅，佢哋都系一路资料搜集嗰个嘅要求系好高嘅咁样，除咗，呢个资料癖啦或者系即系嗰种苦工去做资料嘅一个前期嘅工作好值得我哋注意之外啦，井顺正我相信咧佢有另外一个经验咧，系亦都帮助到，佢咧就系诶可以即系用咁少嘅篇幅嚟杠杆呢一个咁大嘅故事诶嗰个能力咧就嚟自咧佢做记者咁，我相信咧井顺正佢喺就大阪每日新闻入边所做嘅工作嗰段嘅经历咧，唔单止咧系帮咗，佢积累咗啦，佢对佛教经典啦佛教艺术嘅嗰种嘅知识同时喺佢写作上边咧亦都系提供咗一个好大嘅磨练嘅机会。
030-9531424-10064863-speaker00,False,我哋嘅小说入边嘅主角啦赵幸德啦，咁，佢都好叻仔，佢辅读咗好多年之后咧，终于咧，系考到去最后一关啦考到系电视咁电视系咩嚟嘅咧，即系话考到可以去搜刀啦，就系当时嘅开封嗰度，咁咧，就亲自接受呢个嘅皇帝嘅策问啊，咁只要过埋呢一关咧，咁咧哇即系名成利走噶啦，即系埋满一脚噶啦，咁啊用依家嘅讲法就系不过咧好巧合啦或者好悲剧嘅事情就喺呢个电视嘅时候发生咗啦，就系咧当佢喺度一路等。
027-9239072-9407967-speaker01,False,哇，咁考生想得到考试嘅好成绩，就肯定要勤力温书读书啦，所以，呢个故事咧，我觉得同我哋开卷落都好夹，因为都系同。
017-5173792-5288415-speaker01,False,写上证仲写咗好多其他有关中国嘅历史故事，好似天平之盟。
046-17837600-17871327-speaker00,False,这些经书的种类繁多。
058-18807840-18837471-speaker00,False,可以毫不夸张地说。
069-21588512-21758431-speaker01,False,🎼今晚开卷落嘅旅程咧，又差唔多去到尾声咯，约定大家下个星期六我哋再一齐睇更多属于文字嘅风景，下个星期见。😊
053-18406432-18467807-speaker00,False,🎼特别是其中大量的梵文和藏文典籍等。
056-18673184-18705887-speaker00,False,🎼其中包含的各类史料。
003-232480-258527-speaker00,False,🎼开拳南开拳南。
055-18659360-18669023-speaker00,False,另外。
038-13725728-14085087-speaker01,False,自己已经错过咗人生最重要嘅考试，照计咧都冇乜心机去理呢啲闲试噶啦，但系赵恒德咧真系一个对于知识充满热情嘅人，佢居然咧去追查呢啲文字嘅意思，后来又俾佢知道咗咧，呢啲文字其实，系北宋时代附近新崛起嘅一个国家叫做西夏嘅西夏文字嚟嘅。
021-7376928-7390175-speaker01,False,🎼梯卷啦。
059-18842656-18901471-speaker00,False,🎼敦煌石窟出土经卷，不仅对东洋史学。
034-13386784-13497823-speaker01,False,咁，呢个女子消失咗之后咧阿赵恒德就拎住，呢个神秘女子俾佢嗰块布睇一睇。
044-17573408-17662943-speaker00,False,🎼唐经洞里的宝物比黄道士想象的具有更加巨大的价值。
052-18347040-18396127-speaker00,False,摩尼教和警教的教义转史书。
041-14531104-16012255-speaker00,False,系啦，咁咧，就时间快转啦，咁啊虽然话中间嘅一啲嘅情前我哋唔剧透啦，后尾其实都系有好多好特别嘅遭遇包括咗卷入咗一啲嘅战争啦吓，相对入边嘅一啲嘅出卖啊同埋有一啲嘅爱情嘅故事出现咗啦，咁但系最后佢跟住都系俾佢成功啦，咁样去到西夏呢个国家嗰度，结果佢系做咩去学习咗西夏嘅文字啦，咁同时间咧，因为一啲嘅命令啦吓，佢就接受咗一个嘅工作就系要去做一啲嘅抄经咁咧，佢就去到敦煌呢个地方，但系当时咧因为丝绸之路上边咧各个国家啦，民族嗰个嘅冲突咧都好多啊，咁咧，所以咧，佢去到敦煌呢个地方嘅时候咧，咁其实咧西夏嘅军队咧，咁咧就快会进攻过嚟啦，咁但系咧赵恒德当时，佢好担心就系佢所抄近嘅经卷啊，因为咧当时咧，就系喺敦王咧就系由节道使去守备主嘅，咁个节道使咧知道就系话啊其实我哋根本系冇办法去抵御西夏嘅军队噶啦，咁，就能够撤离嘅，就撤离啦，咁但系赵恒德佢花咗好多嘅时间心血去抄经，咁所以咧，佢就谂啊点算咧，咁，呢啲经卷可以点样做咧，咁，我又带唔得走咁样，但系如果啲军队嚟到可能就会将呢啲嘅经卷咧一把火烧晒咁样，咁最后咧，佢就谂咗个办法咧，就系将诶呢啲嘅经卷咧，就埋藏咗喺一啲嘅山洞入边啦，然后咧赵恒德嘅故事咧，大概就喺敦煌。
028-9413152-9428447-speaker01,False,书有关嘅。
032-10090528-11584479-speaker00,False,佢咧，就太闷啦，而且天气咧亦都系非常之闷热啦，咁所以咧，佢一路一路等嘅时候咧，竟然恰着咗啊虽然喺度恰着咗嘅时候咧，佢发嘅梦咧，就系即系佢就梦见佢就去接受呢个电视啦，而且答得好精彩啊咁样咁但系结果咧嗰个毕竟系一场梦嚟嘅当佢醒翻之后咧，佢发现咧嗰个考试市场嗰度咧已经冇晒人啦啊得翻一啲咧，系即系工作人员喺嗰度咁啊佢就好即刻吓咗一跳啦，咁啊跟住就话考试咁对方咧跟住咧就好鄙视咁样望咗佢一眼就冇乜点出声咁，佢就知道唉死啦，即系诶错过咗个考试啊咁咁呢啲咧，就你冇得话喂叫翻个皇帝出嚟测试啦，咁即系再考到我一次啦，咁样咁冇可能咁啊，咁佢就知道就系唔得啦，呢一次嘅考试咧错失咗啦，咁喺古代咧就唔系年年都有得 repeat p 嘅，咁系起码要隔几年而且唔一定，系有机会 repeat嘅咁样，咁啊今次今日大家嘅机会就俾以前好咗好多噶啦，咁样咁但系就系一个咁样嘅情况即系话啊，你人生啊由细到大都系望住呢个目标去嘅时候，跟住，你已经去到埋满哥一脚啦，咁结果咧，系因为自己一个咁低级嘅一个嘅错误咧，然后错失咗一个咁重要嘅机会咁赵恒德咧当时就非常非常之迷惘啦，失魂落魄咁样咧，就系开风府嗰度咧就游走啦，唔觉唔觉咧行咗入去街市嗰度咁就见到有一班人喺度围观咁样。
050-18097184-18212319-speaker00_vocals,False,世界上最古老的手抄经文，甚至还有大众经中都未曾收集到的佛典。
004-264224-310751-speaker01,False,🎼主持唐睿周子欣。
020-5779488-7350751-speaker00,False,🎼系啊头先讲到井顺正系写咗好多中国文化为主题嘅作品啦啊其中佢写过孔子嘅咁诶写翻孔子佢嘅生平啦，咁啊一啲嘅遭遇啦，咁除此之外咧，我哋好明显睇到咧井上正咧，佢对于咧文化交流呢一个主题咧系非常非常之感兴趣，而佢咧选择嘅文化交流嘅一个地域咧，就系中亚啦吓无论系中日嘅交流啦，或者系中国同西域嘅一啲嘅交流啦吓或者系一啲丝绸之路上边嘅一啲嘅唔同嘅国家啊或者民族嘅交流啦，咁佢都好感兴趣，咁我哋如果即系问啊点解佢无端端会产生呢种兴趣嘅咧，咁可能可以追溯到咧就系井上正喺大阪每日新闻社嗰度工作嘅一个经历啦，咁因为咧当时，佢去到报社嘅时候咧，佢即系出任记者啦，咁样，咁就系做美术专栏啦，咁而当时咧，佢作为呢个宗教记者啊，喺个专栏嗰度咧就解说咗好多咧关于特别系佛教嘅一啲嘅艺术啦经典啦，咁样，咁呢个咧亦都系造就咗，佢咧系喺呢个阶段咧积累咗大量嘅佛教嘅美学史嘅知识啦吓佛教经典嘅知识啦，特别系佛教传播啦，嘅知识咁样，咁牵涉到佛教嘅传播啦，呢啲美术史嘅交流啦，咁一定走唔甩嘅，就系丝绸之路上边嘅一啲嘅历史啦，咁而呢啲嘅资源咧，亦都就系成为咗井上正写敦煌啦诶写楼兰啦，好重要嘅一啲创作之前嘅一啲嘅 research 啦。
011-1143328-1310687-speaker01,False,写咗好多短篇长篇嘅小说，仲有散文同埋诗，例如长篇小说咧，有七十几部话短篇咧更加多啊有二百七十部咁多。
054-18471456-18573279-speaker00,False,🎼对于当今古代语言文字的研究有着开创新纪元的重大作用。
035-13501984-13635039-speaker01_vocals,False,咦原来报上边仲有啲字嘅，呢啲字咧，最初睇落似中文，不过冇一只字赵恒德系认得嘅。
043-17557536-17569759-speaker00,False,事实上。
064-19319328-19366367-speaker01,False,历史小说我自己觉得咧，非常之难写。
040-14346272-14526943-speaker01,False,不如，我哋再请教下唐锐讲完呢个故事一啲嘅前边嘅部分啦，后续嘅情况又系点嘅咧，同埋呢个故事本身系有啲乜嘢嘅创作嘅意义嘅咧。
014-1573456-4943327-speaker00,False,哦其实头先咧，你提到佢嘅作品都非常之丰富啦啊，我哋就咁听嘅时候咧都应该觉得哇呢啲作家咧应该都系学把级嘅作家嚟嘅即该由细到大都系一个风头等啦或者都系一个即系人生嘅胜利咗，但系其实咧如果我哋去追溯翻井上正嗰个人生其实佢又唔系一路都系咁成功噶啫井上正咧系喺北海道嘅郁村嗰度出世嘅，佢爸爸咧系一个军医咁所以就去咗郁村呢个地方嗰度工作啦，咁但系实际上佢屋企原籍系正冈园嗰边嘅，咁到佢大概五岁嘅时候，佢爸爸妈妈咧就送翻佢翻去家乡汤之岛嗰度咁由佢嘅曾祖父嘅一个嘅妾事啊咁去抚养嘅，咁离开咗爸爸妈妈好远啦，井上正嗰个学习啦或者系嗰个嘅生活啦，其实都系相对唔系好似，我哋依家嗰啲小朋友咁样有咁多人照顾啊或者系即系有咁好嘅一啲嘅资源，咁虽然佢小学嘅时候咧成绩系曾经系几好嘅，咁但系咧去到中学之后甚至系去到大学嘅时候咧其实佢嗰个嘅表现呢都系几强察人意嘅，喺佢嘅一啲嘅自传入边佢成日都有讲到佢系嘅一种自卑感而呢个嘅自卑感啦同埋佢同父母亲相隔好遥远特别系对母亲嘅怀念啦，咁呢种嘅情怀咧就构成咗佢嗰个文学作品嘅一个好重要嘅元素入边，咁佢嘅自卑感即系头先讲到就系话除咗系即系坐中高中考试系经过好多嘅周折好多嘅失败啦，咁就算到咗大学嘅时候咧其实都系挫折重重嘅，佢即系去到大学毕业嘅时候咧，佢已经二十八岁系当时已经系结埋分咁系一个好似好晚熟嘅一个嘅作家咁样咁不过咧就系当佢其实喺中学生活嘅时候啦吓有啲流利朗荡嘅，咁啊又食下烟啊吓打下牌啊咁样，咁但系咧又同时间就认识咗一啲外号文学嘅朋友仔啦，咁啊开始有一啲嘅创作同埋有啲嘅文学嘅阅读啦，咁但系如果话真系对佢即系个创作路上关键嘅影响咧就系佢首先系喺一个三二年嘅时候咧佢由九州大学嗰度就退咗学咁跟住咧就走咗佢咧经到大学文学系嘅哲学专科嗰度咧去攻读美学喺佢读紧书嘅时候咧，咁咧因为系穷啊咁样冇乜钱，咁所以，佢就参加咗咧新地每日一个嘅刊物啦，设置嘅一个小说嘅征稿啊，后尾咧，佢就好幸运啦，就得到一啲嘅奖金啦，于是乎亦都系因为有啲咁样嘅经历嘅时候咧，喺去毕业之后咧，佢就去咗呢个嘅每日新闻嘅大版本社嗰度去任迹啦，咁点解会唔无端端写敦煌啊，呢啲嘅故事咧，其实井上正呢，佢都创作咗好多小说啦，咁除咗系一啲以日本历史为主题嘅作品啦，或者日本一啲嘅故事啦，咁样，佢其实咧俾中国读者所认识啦所记住嘅特别多嘅作品咧主要都系咧系以中国啦，或者系中啊特别系西域啦，又或者系中日交流啦作为主题嘅一啲嘅作品咧，系俾人哋记住嘅，。
066-19575328-19737328-speaker01_vocals,False,小说最后系驾驭咗啲史料定系咧俾屎鸟扰乱佢嘅节奏咧，一切都要睇作家嘅创作理念同埋表达方式。
016-5067296-5162463-speaker01_vocals,False,我哋会话敦煌咧，呢一个作品系一部以中国为题材嘅历史小说。
072-21798944-21832159-speaker01,False,香港电台文教组制作。
015-4946464-5061087-speaker01,False,哇唐玉你嘅说明咧非常之详尽啊，令我哋好好咁样了解到呢位作家嘅创作因缘。
071-21777952-21790687-speaker01,False,体拳な。
019-5410848-5777887-speaker01,False,创作呢啲小说之前咧井上正仲会收集好多唔同嘅资料，佢亦多次亲身去过中国考察，寻找佢创作嘅素材，所以有啲人会叫佢做现代日本文坛嘅苦行僧又或者系现代日本嘅遣唐事，而睇嚟呢位作家对于中国文化嘅兴趣咧，真系非常浓厚。
068-21482800-21581791-speaker01,False,今日我哋读书咧真系读到好远啊，一读咧读咗去西域，唔知大家会，唔会乐意忘返咧。
045-17674272-17828831-speaker00,False,🎼这种巨大的价值，就连将经卷运走后向学术界造了介绍的斯泰恩和贝利奥在当时都并不了解。
029-9434656-9526239-speaker01,False,咁，呢个故事嘅主人公又有冇我哋听众朋友咁样，系都系爱书之人咧。
037-13704224-13722079-speaker01,False,何况咧，佢嗰日。
000-122912-133599-speaker00,False,🎼こ度。
061-19013664-19097567-speaker00,False,🎼要想判明他们对这些领域的改变起到的重大作用。
031-10069536-10085343-speaker00,False,考嘅时候咧。
063-19197472-19315679-speaker01,False,所以咧正如今日，我哋一开始就讲到啦，井上证对于历史文化呢个题材咧，真系充满热诚嘅。
051-18220576-18340831-speaker00,False,🎼出土的藏经中还有禅定转灯史的贵重资料各种极具价值的地方志。
007-364576-487472-speaker01,False,🎼开卷落有我周子欣同埋唐睿陪大家睇日本小说嘅唐睿啊今日咧带我哋睇边一部作品咧。😊
049-18030624-18087391-speaker00,False,🎼藏文西夏文等文字写成的佛经。
002-196640-224223-speaker01,False,🎼港电台文教组制作。
026-8690208-9236447-speaker00,False,呢个舞台亦都系真系好适合广敦王呢个故事，因为正正就系当时东西文化交流啦吓有唔同嘅外族嘅崛器啦，包括咗辽啦吓西夏啦金啦，咁样，同时间咧宋代亦都系一个即系非常之重视考试啦，非常之尊重文人嘅一个朝代嚟嘅，咁，所以，我哋可以想象咧，就系读书咧，系喺呢个时代咧，系非常非常之重要，而且就系当你考得到市嘅时候咧，咁咧，你嘅人生咧，就真系可以非常非常之辉煌嘅。
023-7789088-7939551-speaker01,False,🎼晚开卷乐要讲嘅作品咧，系日本作家井尚正所写嘅长篇小说敦煌系一部以中国为题材嘅历史小说嚟嘅。
013-1399328-1573456-speaker01,False,我哋今日要介绍嘅小说叫做敦煌，大家可能同我一样咁好奇啊，唐瑶啊点解咧，佢明明系日本作家，但系又要写敦煌嘅咧。
022-7398432-7450591-speaker01_vocals,False,主持唐睿周子欣。
062-19102752-19160031-speaker00,False,🎼还需要后人付出更多的时间。
065-19370528-19571679-speaker01_vocals,False,因为作家去写小说嘅关系嘅时候咧，往往要喺历史同埋想象之间来回咁样思考，毕竟历史小说咧会令我哋联想到真实啊史实啊咁样。
036-13644832-13700063-speaker01,False,一般人遇到咁嘅情况可能会抌咗快布就算啦。
009-679968-1083871-speaker01,False,咦井上正咧都系日本嘅殿堂级作家嚟嘅咯，佢喺一九零七年出世一九九一年咧过身呢位日本作家咧已经得到过日本文坛好多唔同嘅奖项噶啦，甚至有啲人认为咧，佢系会，系其中一位有机会得到诺贝尔奖嘅人，虽然佢最后咧冇得奖，不过佢嘅作品早已经受到国际嘅肯定噶啦。
005-314400-320991-speaker01,False,うん。
039-14093856-14341599-speaker01,False,咁，佢就稳咗一啲专门喺西域做生意嘅商队请呢啲商队带佢去西域嗰度稳呢啲文字嘅意思啦，呢个故事咧，后来发生咗好多唔同嘅情节，咁啊留待听众朋友睇小说嘅时候慢慢发掘啦。
008-487472-674271-speaker00,False,🎼一咧想同大家分享嘅，呢个作品啦，其实我都亦都喺其他嘅一啲机会都尽量都同一啲特别系中学生啦大学生去分享啊，呢本书就系井顺正嘅敦煌。
018-5292064-5407199-speaker01,False,楼兰杨贵妃传等等对中国历史嘅地景同人物咧似乎系充满热情嘅。
057-18709536-18801631-speaker00,False,🎼也很大程度上改变了以往的东洋史学和中国史学研究。
010-1090592-1139679-speaker01,False,井上正系一个出名多产嘅作家。
025-8156704-8684511-speaker00,False,敦煌呢个故事咧嘅时代舞台就设定咗，系咧宋代宋仁宗天圣四年啦，换算翻译咧，就系西元嘅一零二六年啦，咁当时咧宋代咧，系遭受到咧呢个好深重嘅外患嘅影响啊，即系周边嘅各个民族啦，咁咧，就一路都崛起啦，咁样，当时对于朝廷一个好重要嘅议题啦，就系啊，我哋应该点样去同呢啲外族去相处讲得现实啲咧，就系我哋应该点样去诶克醒佢哋啦。
060-18908192-19003871-speaker00,False,🎼对世界文化史上的所有领域而言，也都是灿烂辉煌的瑰宝。
048-17912352-18026975-speaker00,False,🎼包括公元三四世纪时的贝叶梵文法典用古特厥文特厥文。
012-1314336-1392607-speaker01,False,亦都唔少，有四百几首呢啲数字听起嚟咧非常惊人。😊
047-17874976-17904607-speaker00,False,全部共有四万卷。
084-20252704-20265951-speaker01,False,🎼太拳啦。
002-232480-258527-speaker01,False,🎼开拳南开拳南。
049-10870304-10897887-speaker01,False,一九七三年五月。
012-2619424-3357663-speaker00,False,我见到咧里面再版嘅时候咧，有一位香港都系好出名嘅艺术家同埋摄影师黄楚桥佢喺呢本书嘅待序里面咧，就话啦，佢觉得咧女星与善命系嚟自七十年代呢一个时代嘅，佢话七十年代咧，系一个好好嘅时代系一个文艺生活咧，非常充实精彩嘅年代诶嘉琪可唔可以请你同听众朋友介绍下，因为呢个真系年代久远嘅事，但系听落嚟又好吸引，我哋而家两个字总结就系啲文青嘅生活啦吓，非常有趣嘅咩叫做好嘅年代，你觉得诶其实黄楚桥佢所讲嘅好嘅年代嘅文艺生活会系点诶同埋你点解有呢个兴趣去研究呢个时代嘅咧。
044-10559008-10585567-speaker01,False,🎼证明还在哪里？
061-13075488-13118431-speaker00,False,我哋不如讲下垂直嗰两首先啦。
024-6612512-6736351-speaker00,False,佳琪你觉得点解私人会注意到或者系佢系点样思考喺长洲一个晚上点样思考呢两种声音嘅咧。😊
026-6917664-7547216-speaker01,False,咁，所以个成个访谈嘅一开始咧，咁黄亮和教授都问咗有师点样写呢一首诗出嚟啦，咁其中佢就提到咧有师话即想当年咧当诶即系香港土地问题冇咁严重嘅时候啦，佢话租金比较平，咁所以咧，就同朋友喺长洲租咗间小屋呢个咧，我猜测其实，就系佢喺即系七十年代写咗好多去行山有关嘅散文咧，应该都系同佢喺嗰度有个落脚点有啲关系啦，就喺长洲租嗰间小屋咧公寓咧可以去偷闲一阵间咁样咁啊就话有一日朝早咧诶喺长洲呢间小屋里边啊听到落雨嘅声有蝉鸣同埋有闲雷嘅声，咁所以产生种种嘅感触之后咧，就将个感觉写成咗呢一首诗。😊
032-9783328-9805279-speaker01,False,一个女子走过。
073-16546336-16897104-speaker01,False,喺寿司里边咧有好多我觉得好好中意嘅句子啊嗯，其一咧，就系首司诶开头嘅部分推荐俾大家拜年咁样用见到朋友成先讲乜嘢咧，朋友说，我看起来很好在风里红着鼻子并不比记忆中更难看嗯，唔系但系靓仔系赞同上次比亦都冇更加难睇哦，咁都系一个唔错嘅赞美啊，即系未变。
029-9576992-9608159-speaker01,False,咁样，即以再重复咗一次。
048-10793504-10852319-speaker01,False,🎼因为雨滴溅到身上而发现了那温暖。
068-15644192-15680991-speaker01,False,广东话先有嘅节奏感，呢个我觉得好特别。
082-19424800-19826143-speaker00,False,🎼其实黄楚桥咧，都系一位诶香港嘅诗人嚟嘅，佢当年咧都同雅诗仲有另外嘅八位诗人啊一齐出咗一本嘅诗集个名咧叫做十人诗选噶，如果大家有兴趣睇到黄楚桥嘅诗作咧，就可以去呢一本书嚟睇啦，里面咧总共有十位都系一九七零至八零年代嘅作家写嘅新诗嚟嘅。
011-815648-2615775-speaker00,False,咁啊黄嘉琪老师咧，系香港中文大学哲学博士现职香港树人大学中国语言文学系副教授，而且系香港树人大学嘅协理学术副校长佢亦都系香港艺术发展奖青年文学奖嘅得主嚟噶，咁啊嘉琪老师嘅研究兴趣咧，同我哋听众嘅佢离其实都非常接近啊，佢系研究香港文学嘅，佢嘅专场咧特别喺一九七零至到一九八零年代嘅香港文学包括新思翻译啦，香港新师概念文艺刊物同埋拉丁美洲文学嘅推介嘉琪佢出咗唔少嘅专书著作啊包括雅思的香港故事文学史论述研究同埋数业四十年回顾及研究仲有我知道咧佳琪都参与咗好多关于西西研究嘅工作嘅，咁啊过往曾经同好多学者一齐学编研究嘅资料啦，叫做西西研究资料，咁我知道而家可能有啲书都仲系喺度编紧啊非常期待啊，我哋都系满心欢喜咁头先啱，啱介绍过呢各位听众朋友就知道啦佳琪老师咧，佢系研究雅思嘅作品嘅专家啦，所以有一个问题咧，就首先想请教下嘉琪老师啊，咁啊我知道我哋呢今日要介绍呢一本书呢叫做雷声与蝉明系一本呢一九七八年呢首次出版嘅书作者系香港著名作家同埋学者梁炳君，咁呢本书因为好受欢迎啊出版咗之后呢，就有不同嘅再版，我哋而家咧比较容易稳到嘅，系二零二四年嘅一个版本啦，呢一本书系香港新师嘅专辑嚟嘅，。
072-16320544-16542175-speaker00,False,仲有一手咧好似就近啲啦买完花咁样，咁咧，就系仲有几里路到新年呢一个作品听落去咧，就好似即系更加似，系新年前嗰一刻啦，呢首作品又系讲啲咩嘅咧？
065-14739216-14994911-speaker00,False,系啊几咁狼狈咧，我哋我而家先发觉系一个傻士，我都要谂谂下次行花市要行边一个花市啊等自己嘅傻态唔好太多人注目，咁另外一首咧都系叫做垂夕噶，系咪都系写诶过农历年之前嘅事噶。😊
041-10425888-10458591-speaker01,False,生长有生长的之芽。
007-460320-571359-speaker00,False,🎼嗱今晚我哋咧，就预备好一本好经典嘅香港新诗诗集陪大家过年嘅。
035-9888800-9920479-speaker01,False,成为更响亮的声音。
042-10473504-10500575-speaker01,False,接受不断的图满。
083-19929120-20222943-speaker00,False,🎼咁，但系当然啦，诶有佳琪老师喺度，我哋梗系想知多啲吓趁机去同佢一齐诶欣赏更多呢个作品优美嘅地方，所以咧，我哋约定大家啦，下个礼拜六嘅开卷落，我哋再同佳琪老师一齐咧睇梁炳君嘅雷声与蝉明，下个礼拜见。😊
070-15729696-15868895-speaker01,False,井外面就尽视烟了，有好多单音节词喺度，咁呢样都系诗人可能发挥咗粤语嘅一个单音节特性啦造成一好特别嘅节奏感。
039-10338336-10357215-speaker01,False,🎼在迷梦中。
071-15871008-16316895-speaker00,False,嗯，咁啊，呢一首都系讲除夕其实我之前咧都唔系，好明白点解会写咁多除夕啊新年啊即系我最初就谂一个气氛，但系经过嘉琪专业嘅解释咧，我哋就即刻明晒其实，系专栏嚟嘅原本咁，呢个我都即刻谂到，系平时我写嗰啲小文字咧，即系如果系一啲专栏嘅话咧可能，系会跟住啲四时景物变化，咁所以，我哋睇到雅思嘅诶作品咧可能都会有呢一个嘅质感喺里面吓，咁。😊
060-12956192-13068767-speaker00,False,另外两首咧同名嘅两首都系叫做垂直，咁不如我哋先同听众朋友介绍下，呢三首作。
001-196640-224223-speaker01,False,🎼港电台文教组制作。
076-18948640-19134943-speaker01,False,诶面对现实挫折嘅，佢尝试想处理佢嘅一种方法，咁，呢个都系我觉得诗歌俾我哋一个美丽嘅地方啦，但系现实不能够改变嘅嘢，起码诗可以令佢靓啲。
025-6738464-6913503-speaker01,False,嗯，如果中意呢首诗嘅听众缓咧推介大家去玩一篇访谈嚟睇，系王亮和教授系访问梁炳君咁啊访谈题目就系蝉明不绝的坚持就系以呢首诗为题目嘅。😊
086-20291184-20308447-speaker00,False,🎼较早制作。
062-13120032-14491615-speaker01,False,也诗咧当时七十年代咧持续喺快报上面写一个专栏啊叫我之诗写实咁所以为咗准备呢个新年诶读新诗嘅环节咧，我都翻去重睇咗佢嘅专栏篇目啦，咁我有发现实佢每年咁上下去到元旦垂夕嘅时候都会有专栏散文系关于垂夕同新年嘅咁所以我估呢啲诗其实都系喺呢个稻生碎嘅时间点佢就有感而发写咗原来有两首都叫垂夕嘅诗啦，第一首咧喺诗集前啲嘅位置嘅诶头先你睇到廿诗嘅诗咧有时系有啲好温或者幽默嘅地方其实呢啲都系我觉得最可爱嘅地方或者系听众们睇嘅时候都会比较中意嘅地方，不如垂夕嘅第一首叫垂夕嘅诗啦，诶头先有个非整齐嘅对偶句先佢话亲树未障人一般散去人未障树一般外立好有趣一个树人交换嘅意象然后诗嘅最后咁样讲佢话真高兴节日是一个籍后让人干着一株花树走路而不会觉得是一件傻事我都要观察非常之可爱好 咁样即当你喺年廿八九走去旺角花墟要买花嘅时候咧大家都谂住一大可能桃花一大盘嘅各种劫难啊水仙啊咁样嘅嘢，平时系唔会谂住咁笨重嘅东西嘅，但只系系呢个节日里边咧谂住一大棵花树行路而大家唔会觉得，你好古怪觉得，呢个系非常之可爱嘅一个垂夕景象。😊
085-20273184-20291184-speaker01,False,🎼香港电台文。
053-11644960-11669983-speaker00,False,现一啲温暖啊。
013-3363360-4388319-speaker01,False,嗯，我同各位都觉得咧嗯，我哋成日都听到作家们诗人们回忆佢哋嘅七十年代啦，因为今日我哋所知道好多重要嘅香港作家咧其实七十年代嘅时候都仲系一个文青嚟咁所以喺睇咗好多咁样嘅回顾嘅时候我觉得七十年代好似系一个神话式嘅年代又或者喺多次嘅回顾当中咧，佢有啲被神话化咗或者浪漫化咗，咁但系即系对于美好嘅青年记忆嚟讲咧佢系值得被无限浪漫化嘅，调转嚟讲我哋作为研究者都想知道我其七十年代系点样嘅咧，系咪好似大家所讲嘅，咁神奇咧咁样所呢个系其中一个研究七十年代嘅起点啦，咁而且个喺即系阅读资料同埋系呢啲文学作品嘅过程里边会觉得嗰个年代真系一个文学就系生活嘅年代合呢本书出版社个名咁样佢哋阅读同朋友搞杂志跟住喺上面登自己嘅作品平时收咗工就讲去某个屋企里边咧就开始剪剪贴啦然后佢又印出杂志咁样咁所以佢哋嘅整个生活里边嘅每一样嘢都系同。😊
066-14999072-15099871-speaker01,False,嗯，另一首垂直咧同头先呢首有个好唔同嘅感觉，头先呢首系可爱啲咁样啊。
018-4701136-5001136-speaker01,False,自己编啦自己出啦，自己攞去发行啦上面要诶写作你自己嘅作品啦，你要写好作品先啦，然后仲同时可能会兼任埋翻译家嘅角色，佢见到啊有首好嘅诗佢自己译成中文咧登喺本杂志上面，咁，所以嗰个年代嘅每一个即系作家我都觉得，系非常之厉害嘅万能嘅作。
010-780832-811999-speaker00,False,佳琪你好，各位听众大家好。😊
031-9743392-9770975-speaker01,False,🎼蝉命还在哪里？
036-9935392-9971679-speaker01,False,但牛仍然站在树下。
009-621600-777183-speaker00,False,咁今日咧，唔单止，系有一本好好嘅诗集，我哋仲邀请到一位专家同我哋一齐欣赏呢一本诗集嘅，佢就系黄家琪啦。😊
021-5587488-5599199-speaker00,False,香港。
043-10518560-10545119-speaker01,False,雷声隐约再响。
016-4581136-4593136-speaker01,False,杂志。😊
059-12528672-12951007-speaker00,False,年三十嗰啲题材嘅，而且佢唔系一般咁样叫，我哋断写嚟下扫下地啊，即系抹下糟头佢有其他嘢讲嘅，即系好浪漫，我觉得大家可以参考下，佢倒穗嘅方法，嗱喺呢本书咧雷星与蝉名里面咧，系收录咗咧起码有三首嘅作品系同诶除夕或者系过年有关嘅，有一首咧，就叫做还差几里奴才到新年。😊
069-15687712-15723999-speaker01,False,杯与瓶成凌乱的形。
022-5603872-5658079-speaker00,False,澳门广州同肇庆系其中一辑。
028-7952208-9572319-speaker01,False,我觉得头先你用音乐呢个比喻讲得非常之好啊，呢个都系我睇嘅时候其中一个发现啦，雷声与蝉鸣呢一对嘅意象咧喺成首诗里边系出现咗几次嘅当佢隔一段时间再重复出现嘅时候就好似乐曲重复嘅乐段咁样咧再重复一次然后有轻微嘅变奏咁样成首诗嘅一开始咧就讲到啊而家系限雷嘅声然后喺雷声沉寂嘅一瞬间里边咧听到其实原来下面系有微弱嘅善明嘅呢个声音嘅对比令我觉得非常之有趣就好似，系喺闲雷嘅过程啲蝉系冇停止歌唱只不过一时间嘅雷声掩盖咗佢哋好微弱嘅声音但系当外边呢个雷声静落嚟嘅时候咧就会发现啲乐原来佢仍然喺度唱紧歌呢个大细声音之间嘅对比咧相信就系诗人佢想表达嘅其中一样嘢，出边世界可能风起云涌可能有好多阻止你发出声音嘅嘢，但系嗰啲禅咧系持续地发出佢微弱嘅坚持咁我觉得，呢个声音嘅比较非常之有趣当佢咁样描写到嘅时候在些新扬起的声音中保持自己的声音蝉命仍是不绝的坚持呢个微弱嘅抗衡嘅声音咧似乎系有时好中意写嘅一种抗衡嘅意象咯所以过咗呢度之后成首诗去到最后有几节佢又再出现翻呢一对对比嘅声音意象佢诶重复咗两次咁样讲话雷声隐约再响蝉命还在哪里，然后成首诗嘅最后一节咧就再重复一次雷声隐约再响蝉命还在哪里咁所以当佢隔咗一段佢离再重复一次嘅时候好好呢个就系就系呢一首歌嘅。😊
023-5661728-6607839-speaker00,False,跟住，系台湾最后，系浮台嘅，总共咧，系收咗梁炳君嘅八十三首诗，而梁炳君咧，佢有另外一个笔名，系叫做也诗嘅，但系梁炳君咧除咗诗同埋论文之外咧仲会有写小说啊散文啊咁吓非常多嘅著作同埋一啲学术研究，咁，佢喺二零一三年咧就离开咗，我哋啦，咁虽然佢已经离开咗啦，但系佢仲有好多珍贵嘅作品咧可以俾我哋一读再读好似今日我哋拣呢本书咧叫做雷声与蝉名呢本书咧，佢嘅点题作咧里面有一首诗好长嘅亦都系写得非常之好叫做雷声与蝉明嘅，好得意，佢标埋个地点一九七三年咧五月喺长洲嗰度写嘅，咁，我哋好多人都话咧觉得，呢首诗基本上系梁炳君嘅一首代表作啦，个诗名好清楚系写啲乜嘅，写两种声音雷声同埋蝉明。
038-10047008-10081759-speaker01,False,🎼固执地低头吃草。
064-14703216-14739216-speaker01,False,吉出嚟嗰阵时候几时买花啊。😊
077-19154464-19173343-speaker01,False,🎼关于阅读。
058-12214816-12520927-speaker00,False,啊今日，我哋有提到咧一个诶话题嘅，就系新年咧应该可以读下啲新诗迎下新岁咁样啦，咁，所以咧，我哋亦都发现咗一个特别嘅地方要介绍呢本书俾大家咧，就系梁炳君咧原来都几中意写下啲新年啊除夕啊。
006-373792-454111-speaker00,False,就嚟咧，嚟到蛇年嘞，唔知大家有冇预备好送够迎新咧。
054-11675680-11810271-speaker00,False,即系好正面嘅一个修笔呢个修结吓可能中间有好多分乱嘅地方，但系最后我哋都系可以得到一啲温暖咯。
034-9850400-9876959-speaker01,False,然后雨再剧密。
027-7547216-7952208-speaker00,False,咁或者我哋可以一齐诶欣赏下，呢首诗啊收入咗咧喺雷声与蝉明嘅一个点题作呢首诗咧，我觉得好得意啊，佢好似诶一个乐曲咁样进行好多嘅声音基本上冇乜剧情嘅，即系我哋觉得夜晚有雷声同蝉鸣好似开似有啲鬼故事 feel ，但系原来系冇噶，但系间唔中咧又有啲人物走出嚟吓一吓我哋，你觉得，呢首诗最有趣嘅地方系啲咩。😊
081-19268128-19418079-speaker00,False,🎼我哋咧头先有提过帮梁炳君呢个类星与蝉名写序嘅一位艺术家佢叫做王楚桥嘅。
014-4391968-4516831-speaker01,False,文学有关嘅，嗰个年代嘅感觉同今日即系我哋喺廿一世纪嘅文青们咧，嗰个生活嘅环境亦好，唔同。
017-4593136-4701136-speaker00,False,喺度编紧杂志去整出系哦就唔单止系睇书咁简单，系做一啲即系更加专业嘅文艺活动，佢哋嘅。😊
040-10367520-10413023-speaker01,False,某西山仍坚持完整的轮廓。
078-19175456-19193823-speaker00,False,🎼关于文学。
045-10598432-10647519-speaker01,False,在最猛烈的雷霆和闪电中歌唱。
050-10909216-10920415-speaker00,False,常州。
051-11120672-11494367-speaker00,False,我都系同嘉琪一样心有灵犀咧，最中意，不过我谂好耐冇听众朋友唔中意吓睇完呢首诗就最中意呢两句雷声隐约在响蝉鸣还在哪里，而喺呢首诗里面咧，佢有时咧又有啲好幽默嘅地方，譬如话咧有个女子咧，就系经过只蝉啊，经过啲牛啊，佢又会学啲动物嘅叫声。😊
047-10732576-10775519-speaker01,False,等待中肌肤上一阵清凉。
015-4527136-4581136-speaker00,False,即系我哋睇 net 嘅时候咧，佢哋就喺度剪。😊
033-9813024-9837023-speaker01,False,模仿他的名叫。
075-16933104-18944991-speaker01,False,非常之可爱嘅一个年嘅说话啦，然后首先路向下啦佢提到话即系过咗新年我哋会觉得啊新年应该有啲培目标啦，我要过新成为新嘅人咁样系诗人喺度咁样讲，我营造各种愚蠢的事情再寒天走路怀疑所有的孩子吃许多如骨觉得呢个描写非常之有趣当系冬天行好啊嘛咪乜问题啊咁佢怀疑所有嘅孩子呢个质问非常之有趣然后佢都再讲咗可以话系一个现实嘅状况过咗新年之后咧亦都仲系原本嘅你咁所以原本做紧愚蠢嘅事情呢新年之后都仲系做紧愚蠢嘅事一个过新年嘅可以严使有咁多期待嘅感觉首诗咁样讲话我已经过这么多事情所以也不要假装我知道惺中的淡并不会使太阳更壮丽地升起我得雅思嘅诗令大觉得中意嘅原因之一呢，佢并唔系写一啲好宏大或者好英雄气概嘅嘢，佢谈论日常生活嘅方法或者佢讲新年新目标嘅方法其实，系好贴地用而家我哋嘅说话嚟讲我哋唔需要期待新嘅一年太阳有啲一样因为我哋自己都冇咩一样我哋无论喺迎接新岁嘅时候发表咗几多可能伟大嘅目标都好啦吓其实太阳系唔会更壮丽地升起个世界系唔会因为我哋改变嘅咁所以呢一个好反高潮式嘅写法咧，系我觉得廿思呢一施令到好多人有共鸣嘅原因之一即系当年佢一九七几年佢佢仲未系一个大学教授啦佢仲未系香港殿堂级嘅作家其实佢只系同我哋一样系一啲好普通嘅即系香港年轻人咁样咁所以佢面对好多现实嘅挫折佢会有好多唔明白个世界点样运作嘅方法，喺面对呢一啲不能够移趣嘅障碍嘅时候咧，佢谂到一啲嗯改变自己心态嘅方法无论系幽默嘅说话又好啦，刚才我见到喺啲思作里边佢讲到嗰种善命坚持都好啦，其实都系呢一种。😊
019-5001136-5527519-speaker00,False,嗯，话，呢一样嘢，你就诶喺当代仲可以做到，我话唔得啦，即系我话见到薛师可能唔系好诶顺眼即系改下啲翻译啊，或者就系即系帮佢校对一下咁样啊，咁都系真系一个好专业同埋好专注于艺术嘅一班年青人吓，咁样听落去咁啊都系令人好羡慕嘅一个好嘅年代吓咁啊，呢本书咧雷声与善名里面都收咗好多新诗嘅，佢主要咧，系一九六零至到一九七零年代写成嘅，分成有七辑咯。😊
005-336416-367583-speaker00,False,大家好，欢迎收听开卷乐。😊
003-264224-275935-speaker01,False,🎼主持。
074-16897104-16933104-speaker00,False,得噶，你丑样，系呢个动力都。
057-11893792-11919327-speaker00,False,🎼周子欣。
063-14493216-14703216-speaker00,False,我都觉得，呢首诗咧最后呢两句好得意，因为其实我本身冇谂过，呢件系一件傻事嚟嘅，睇完之后突然间觉得好傻，我甚至会幻想下咧，即系你同我嗰啲嘅学生咧突然间见到，我哋喺花市咧台厨铺。😊
080-19221104-19230687-speaker00,False,🎼いい？
037-9985056-10033119-speaker01,False,黑色皮毛反映着湿润的微光。
046-10663456-10719711-speaker01,False,🎼蝉明是粗笔浓墨间的清趣点分。
004-278048-295903-speaker00,False,🎼周子欣。
000-120864-165855-speaker01,False,🎼国度带来阅读新感觉。
067-15103520-15637471-speaker01,False,而家呢一首咧，有种比较冷静啲嘅感觉写出嚟首诗好似，系画紧一幅画咁样，有啲地方就系用咗绘画嘅比喻嗯诶甚至可能，佢系讲紧一幅佢当时眼前见到嘅幅画啦，咁，所以佢话树下披花的攞里近看似无数参差不俗，真系讲紧一幅画然后喺铺展眼前呢个除直景象嘅时候咧，用咗一种好似写景嘅方法咧去到写呢一首诗除咗呢个情调好唔一样之外啦，呢首诗嘅头两句咧，我觉得好特别嘅，系佢用咗好多单音节词造成咗一种。
008-575008-617951-speaker00,False,所谓咧新师可以迎身税。
020-5531680-5581279-speaker00,False,诶包括系未声突然性演出。
056-11879968-11891679-speaker01,False,🎼主持。😊
052-11501600-11641311-speaker00,False,我觉得，呢度好似好似声援佢哋咁啊，但系嗰首诗咧讲到最后咧，亦都系话，我哋最后要发现啲咩咧，佢就话，我哋其实，系要发。😊
055-11858464-11871199-speaker00,False,体拳な。
030-9700896-9731039-speaker01,False,雷声隐约再行。
079-19203104-19221104-speaker01,False,开卷后记。
